Data;Casos Confirmats;PCR+TAR;PCR;TAR;EXITUS;Ingressos Hospital dia; INGRESSOS UCI dia;UCI ingressats;Hospitals ingressats;Positivitat;Positius last 7;IA 7;IA 14;RT Proves;RT casos;RT Hospi;Rt UCI;Ingressos UCI 7 dies;Ingressos Hosp 7 dies;Casos-hospitalitzats 6 dies;Casos confirmats últims 7 dies;Proves últims 7 dies;Ràtio Hospitalitzats-UCI
1/3/2020;2;22;22;0;0;0;0;0;0;9,090909091;0;0;0;0;0;0;0;0;0;0;0;0;0
2/3/2020;5;35;35;0;0;0;0;0;0;14,28571429;0;0;0;0;0;0;0;0;0;0;0;0;0
3/3/2020;9;25;25;0;0;0;0;0;0;36;0;0;0;0;0;0;0;0;0;0;0;0;0
4/3/2020;7;29;29;0;0;0;0;0;0;24,13793103;0;0;0;0;0;0;0;0;0;0;0;0;0
5/3/2020;18;37;37;0;0;0;0;0;0;48,64864865;0;0;0;0;0;0;0;0;0;0;0;0;0
6/3/2020;13;57;57;0;0;0;0;0;0;22,80701754;0;0;0;0;0;0;0;0;0;0;0;0;0
7/3/2020;12;83;83;0;2;0;0;0;0;14,45783133;22,91666667;0,860495437;0;0;0;0;0;0;0;0;66;288;0
8/3/2020;7;53;53;0;5;0;0;0;0;13,20754717;22,25705329;0,925684485;0;0;0;0;0;0;0;0;71;319;0
9/3/2020;94;109;109;0;5;0;0;0;0;86,23853211;40,71246819;2,086049544;0;0;0;0;0;0;0;0;160;393;0
10/3/2020;163;335;335;0;6;0;0;0;0;48,65671642;44,66571835;4,093872229;0;0;0;0;0;0;0;0;314;703;0
11/3/2020;207;504;504;0;10;0;0;0;0;41,07142857;43,63327674;6,701434159;0;0;0;0;0;0;0;0;514;1178;0
12/3/2020;361;1008;1005;3;18;0;0;0;0;35,81349206;39,87901349;11,17340287;0;0;0;0;0;0;0;0;857;2149;0
13/3/2020;555;1952;1952;0;30;0;0;0;0;28,43237705;34,59446093;18,2398957;0;0;0;0;0;0;0;0;1399;4044;0
14/3/2020;359;1733;1733;0;45;0;0;0;0;20,71552222;30,66385669;22,76401565;23,62451108;19,77083333;26,45454545;0;0;0;0;0;1746;5694;0
15/3/2020;483;1574;1574;0;46;0;0;0;0;30,68614994;30,7969508;28,97001304;29,89569752;22,61755486;31,29577465;0;0;0;0;0;2222;7215;0
16/3/2020;1327;2259;2259;0;46;0;0;0;0;58,74280655;36,89268553;45,04563233;47,13168188;23,82951654;21,59375;0;0;0;0;0;3455;9365;0
17/3/2020;1138;2608;2608;0;58;0;0;0;0;43,63496933;38,06495962;57,75749674;61,85136897;16,55476529;14,10828025;0;0;0;0;0;4430;11638;0
18/3/2020;1365;3047;3047;0;82;0;0;0;0;44,79816213;39,40483746;72,85528031;79,55671447;12,03820034;10,87159533;0;0;0;0;0;5588;14181;0
19/3/2020;1460;3496;3496;0;88;0;0;0;0;41,76201373;40,11638371;87,18383312;98,35723598;7,756630991;7,802800467;0;0;0;0;0;6687;16669;0
20/3/2020;1631;3638;3638;0;109;0;0;0;0;44,83232545;42,29365296;101,2125163;119,452412;4,538822948;5,548963545;0;0;0;0;0;7763;18355;0
21/3/2020;1069;2932;2932;0;123;0;0;0;0;36,45975443;43,33128772;110,4693611;133,2333768;3,434141201;4,852806415;0;0;0;0;0;8473;19554;0
22/3/2020;970;2374;2374;0;155;0;0;0;0;40,85930918;44,02083129;116,8187744;145,7887875;2,821067221;4,03240324;0;0;0;0;0;8960;20354;0
23/3/2020;2324;3717;3717;0;207;0;0;0;0;62,52354049;45,64918394;129,8174707;174,863103;2,329097704;2,881910275;0;0;0;0;0;9957;21812;0
24/3/2020;1938;4417;4417;0;234;0;0;0;0;43,87593389;45,53998561;140,2477184;198,0052151;2,029644269;2,428216704;0;0;0;0;0;10757;23621;0
25/3/2020;1828;4407;4407;0;270;0;0;0;0;41,47946449;44,91413474;146,2842243;219,1395046;1,761582399;2,007874016;0;0;0;0;0;11220;24981;0
26/3/2020;1829;4514;4514;0;308;0;0;0;0;40,51838724;44,57479134;151,095176;238,2790091;1,559721639;1,733064154;0;0;0;0;0;11589;25999;0
27/3/2020;1637;4520;4520;0;342;0;0;0;0;36,21681416;43,13455601;151,1734029;252,3859192;1,464505584;1,493623599;0;0;0;0;0;11595;26881;0
28/3/2020;1152;4021;4021;0;333;0;0;0;0;28,64958965;41,75187701;152,2555411;262,7249022;1,430397873;1,378260356;0;0;0;0;0;11678;27970;0
29/3/2020;1010;3312;3312;0;351;0;0;0;0;30,49516908;40,53549191;152,7770535;269,5958279;1,420261374;1,3078125;0;0;0;0;0;11718;28908;0
30/3/2020;1958;5356;5356;0;416;0;0;0;0;36,55713219;37,16240547;148,0052151;277,8226858;1,400467632;1,14010244;0;0;0;0;0;11352;30547;0
31/3/2020;1480;5127;5126;1;395;0;0;0;0;28,86678369;34,85299293;142,0338983;282,2816167;1,323271665;1,012735893;0;0;0;0;0;10894;31257;0
1/4/2020;1409;5067;5067;0;357;0;0;0;0;27,80738109;32,81950058;136,5710561;282,8552803;1,277651015;0,933600713;0;0;0;0;0;10475;31917;0
2/4/2020;1350;5197;5197;0;393;0;0;0;0;25,97652492;30,66257669;130,3259452;281,4211213;1,253894381;0,862542066;0;0;0;0;0;9996;32600;0
3/4/2020;1399;5775;5775;0;386;0;0;0;0;24,22510823;28,82292128;127,2229465;278,3963494;1,259439753;0,841569642;0;0;0;0;0;9758;33855;0
4/4/2020;754;3493;3493;0;354;0;0;0;0;21,5860292;28,08533621;122,0338983;274,2894394;1,191526636;0,801507107;0;0;0;0;0;9360;33327;0
5/4/2020;569;2378;2376;2;347;0;0;0;0;23,92767031;27,53372642;116,2842243;269,0612777;1,120554864;0,761136713;0;0;0;0;0;8919;32393;0
6/4/2020;1429;4738;4732;6;349;0;0;0;0;30,16040523;26,40440598;109,3872229;257,3924381;1,040200347;0,739076815;0;0;0;0;0;8390;31775;0
7/4/2020;1189;5884;5728;156;366;0;0;0;0;20,20734194;24,89548752;105,5932203;247,6271186;1,040790863;0,743436754;0;0;0;0;0;8099;32532;0
8/4/2020;1288;6273;6101;172;344;0;0;0;0;20,53244062;23,64692631;104,0156454;240,5867014;1,057054234;0,761622912;0;0;0;0;0;7978;33738;0
9/4/2020;1342;6706;6474;232;363;0;0;0;0;20,01192962;22,61185349;103,9113429;234,2372881;1,081196319;0,797318928;0;0;0;0;0;7970;35247;0
10/4/2020;1099;5145;4928;217;318;0;0;0;0;21,36054422;22,1567438;100;227,2229465;1,022507754;0,786021726;0;0;0;0;0;7670;34617;0
11/4/2020;804;4240;4147;93;320;0;0;0;0;18,96226415;21,83010972;100,6518905;222,6857888;1,061121613;0,824786325;0;0;0;0;0;7720;35364;0
12/4/2020;527;3048;2958;90;304;0;0;0;0;17,29002625;21,30765388;100,1043025;216,3885267;1,112400827;0,860858841;0;0;0;0;0;7678;36034;0
13/4/2020;761;3993;3804;189;258;0;0;0;0;19,05835212;19,86454703;91,39504563;200,7822686;1,110590087;0,835518474;0;0;0;0;0;7010;35289;0
14/4/2020;1180;6448;6284;164;270;0;0;0;0;18,30024814;19,5269573;91,27770535;196,8709257;1,102084102;0,864427707;0;0;0;0;0;7001;35853;0
15/4/2020;1261;7220;7080;140;257;0;0;0;0;17,46537396;18,95108696;90,92568449;194,9413299;1,090758196;0,874153923;0;0;0;0;0;6974;36800;0
16/4/2020;1151;7429;7310;119;242;0;0;0;0;15,49333692;18,07691283;88,43546284;192,3468057;1,064572871;0,851066499;0;0;0;0;0;6783;37523;0
17/4/2020;1505;8505;8358;147;251;0;0;0;0;17,69547325;17,584326;93,72881356;193,7288136;1,181009331;0,937288136;0;0;0;0;0;7189;40883;0
18/4/2020;670;5768;5721;47;206;0;0;0;0;11,61581137;16,6348353;91,98174707;192,6336375;1,199270445;0,913860104;0;0;0;0;0;7055;42411;0
19/4/2020;414;3926;3861;65;203;0;0;0;0;10,54508406;16,03640648;90,50847458;190,6127771;1,201337626;0,904141704;0;0;0;0;0;6942;43289;0
20/4/2020;849;7433;7371;62;191;0;0;0;0;11,42203686;15,04419097;91,65580183;183,0508475;1,324180339;1,002853067;0;0;0;0;0;7030;46729;0
21/4/2020;886;9458;9356;102;197;0;0;0;0;9,367731021;13,54269286;87,82268579;179,1003911;1,387303712;0,962148265;0;0;0;0;0;6736;49739;0
22/4/2020;878;10177;10011;166;149;0;0;0;0;8,627296846;12,05594353;82,82920469;173,7548892;1,431956522;0,910954976;0;0;0;0;0;6353;52696;0
23/4/2020;666;8556;8491;65;134;0;0;0;0;7,78401122;10,90240232;76,50586701;164,9413299;1,434400235;0,865103936;0;0;0;0;0;5868;53823;0
24/4/2020;649;10187;10074;113;148;0;0;0;0;6,370864828;9,029817134;65,34550196;159,0743155;1,357654771;0,697176241;0;0;0;0;0;5012;55505;0
25/4/2020;317;5964;5923;41;134;0;0;0;0;5,315224681;8,364302257;60,74315515;152,7249022;1,313362099;0,660382707;0;0;0;0;0;4659;55701;0
26/4/2020;244;4982;4940;42;128;0;0;0;0;4,897631473;7,90915658;58,52672751;149,0352021;1,311118298;0,646643619;0;0;0;0;0;4489;56757;0
27/4/2020;345;7666;7598;68;115;0;0;0;0;4,500391338;6,992454817;51,95567145;143,6114733;1,219585268;0,56685633;0;0;0;0;0;3985;56990;0
28/4/2020;446;10182;10125;57;128;0;0;0;0;4,380278924;6,14235714;46,2190352;134,041721;1,160336959;0,526276722;0;0;0;0;0;3545;57714;0
29/4/2020;462;9479;9430;49;105;0;0;0;0;4,873931849;5,487933212;40,79530639;123,6245111;1,081979657;0,492523217;0;0;0;0;0;3129;57016;0
30/4/2020;321;10162;10115;47;96;0;0;0;0;3,158827003;4,749070315;36,29726206;112,8031291;1,089162626;0,474437628;0;0;0;0;0;2784;58622;0
1/5/2020;215;7178;7131;47;90;73;4;516;2299;2,995263305;4,225630698;30,63885267;95,98435463;1,001945771;0,468874701;0;0;0;0;0;2350;55613;0
2/5/2020;160;4478;4440;38;94;59;4;503;2264;3,573023671;4,05158239;28,59191656;89,33507171;0,971741979;0,470701867;0;0;0;0;0;2193;54127;0
3/5/2020;77;3435;3400;35;88;50;4;477;2236;2,241630277;3,853176113;26,41460235;84,94132986;0,926405554;0,451325462;0;0;0;0;0;2026;52580;0
4/5/2020;234;7327;7287;40;85;82;6;414;2031;3,193667258;3,665703183;24,96740548;76,92307692;0,916669591;0,48055207;0;0;0;0;0;1915;52241;0
5/5/2020;228;7872;7820;52;89;101;7;407;1947;2,896341463;3,398690192;22,12516297;68,34419817;0,865145372;0,478702398;0;0;0;0;0;1697;49931;0
6/5/2020;241;8917;8861;56;82;87;5;364;1736;2,702702703;2,989730398;19,24380704;60,03911343;0,865879753;0,471716203;0;0;0;0;0;1476;49369;0
7/5/2020;160;7451;7390;61;82;66;11;349;1616;2,14736277;2,818380556;17,14471969;53,44198175;0,795912797;0,472341954;0;0;0;0;0;1315;46658;0
8/5/2020;205;7951;7911;40;52;77;11;344;1492;2,578292039;2,751365141;17,01434159;47,65319426;0,852876126;0,555319149;0;0;0;0;0;1305;47431;0
9/5/2020;149;4583;4535;48;41;55;4;335;1507;3,251145538;2,722147425;16,87092568;45,46284224;0,878230827;0,59005928;0;0;0;0;0;1294;47536;0
10/5/2020;87;2376;2325;51;50;48;6;323;1516;3,661616162;2,805688835;17,00130378;43,41590613;0,883929251;0,643632774;0;0;0;0;0;1304;46477;0
11/5/2020;212;6961;6902;59;52;72;4;294;1442;3,045539434;2,780247663;16,71447197;41,68187744;0,882659214;0,669451697;0;0;0;0;0;1282;46111;0
12/5/2020;219;8010;7983;27;39;73;10;272;1337;2,734082397;2,752491946;16,59713168;38,72229465;0,926258236;0,750147319;0;0;0;0;0;1273;46249;0
13/5/2020;196;8253;8223;30;33;64;8;253;1256;2,374893978;2,693868597;16,01043025;35,25423729;0,923352711;0,83197832;0;0;0;0;0;1228;45585;0
14/5/2020;200;8804;8794;10;27;62;7;234;1161;2,271694684;2,701435937;16,53194263;33,67666232;1,006001114;0,964258555;0;0;0;0;0;1268;46938;0
15/5/2020;211;8855;8828;27;39;67;5;231;1093;2,382834557;2,662932152;16,61016949;33,62451108;1,008665219;0,976245211;0,844827586;0,916666667;6,285714286;63;29,40909091;1274;47842;10,02272727
16/5/2020;118;5834;5815;19;25;32;2;228;1086;2,022625986;2,531929196;16,20599739;33,07692308;1,032754123;0,960587326;0,806949807;0,875;6;59,71428571;31,04761905;1243;49093;9,952380952
17/5/2020;55;3182;3154;28;25;30;3;219;1088;1,728472659;2,426902343;15,78878748;32,79009126;1,073627816;0,928680982;0,775193798;0,78;5,571428571;57,14285714;32,87179487;1211;49899;10,25641026
18/5/2020;223;8609;8594;15;15;45;10;213;1035;2,590312464;2,370652026;15,93220339;32,64667536;1,117889441;0,953198128;0,73715415;0,9375;6,428571429;53,28571429;28,28888889;1222;51547;8,288888889
19/5/2020;249;10433;10404;29;30;60;3;195;954;2,386657721;2,3198073;16,32333768;32,92046936;1,16694415;0,983503535;0,753138075;0,745098039;5,428571429;51,42857143;32,31578947;1252;53970;9,473684211
20/5/2020;215;9355;9320;35;31;46;5;185;928;2,298236237;2,307887856;16,57105606;32,58148631;1,208116705;1,035016287;0,751648352;0,648148148;5;48,85714286;36,22857143;1271;55072;9,771428571
21/5/2020;275;10461;10431;30;26;64;8;177;884;2,628811777;2,372684165;17,54889179;34,08083442;1,208594316;1,061514196;0,762749446;0,72;5,142857143;49,14285714;35,38888889;1346;56729;9,555555556
22/5/2020;265;11081;11058;23;22;41;6;167;790;2,391480913;2,374692562;18,25293351;34,863103;1,23228544;1,098901099;0,721088435;0,840909091;5,285714286;45,42857143;33,59459459;1400;58955;8,594594595
23/5/2020;102;5985;5953;32;28;27;0;164;795;1,704260652;2,341555849;18,04432855;34,25032595;1,203959831;1,113435237;0,748803828;0,833333333;5;44,71428571;34,6;1384;59106;8,942857143
24/5/2020;131;4168;4148;20;19;32;0;163;808;3,142994242;2,429607935;19,03520209;34,82398957;1,204272631;1,205615194;0,7875;0,820512821;4,571428571;45;38,1875;1460;60092;9,84375
25/5/2020;227;7998;7974;24;19;37;9;153;770;2,838209552;2,46129016;19,08735332;35,01955671;1,153917784;1,198036007;0,8230563;0,688888889;4,428571429;43,85714286;40,38709677;1464;59481;9,903225806
26/5/2020;189;9447;9418;29;17;40;10;163;740;2,000635122;2,400205146;18,30508475;34,62842243;1,083842876;1,121405751;0,797222222;1;5,428571429;41;33,44736842;1404;58495;7,552631579
27/5/2020;164;8189;8159;30;15;30;4;153;697;2,002686531;2,360062098;17,64015645;34,21121252;1,040982714;1,064516129;0,792397661;1,057142857;5,285714286;38,71428571;36,37837838;1353;57329;7,324324324
28/5/2020;173;9407;9377;30;14;32;5;145;656;1,839056022;2,223011995;16,31029987;33,85919166;0,991997039;0,929420505;0,694767442;0,944444444;4,857142857;34,14285714;41,17647059;1251;56275;7,029411765
29/5/2020;197;10352;10325;27;19;39;4;124;589;1,90301391;2,12976632;15,42372881;33,67666232;0,942176236;0,845;0,745283019;0,864864865;4,571428571;33,85714286;43,25;1183;55546;7,40625
30/5/2020;109;5574;5573;1;10;25;5;129;612;1,955507714;2,158338623;15,51499348;33,55932203;0,932815619;0,85982659;0,750798722;1,057142857;5,285714286;33,57142857;39,45945946;1190;55135;6,351351351
31/5/2020;48;3217;3211;6;18;26;3;133;612;1,49207336;2,043038535;14,43285528;33,46805737;0,901684084;0,758219178;0,726984127;1,25;5,714285714;32,71428571;36,6;1107;54184;5,725
1/6/2020;79;4045;4011;34;9;30;3;132;626;1,95302843;1,90917959;12,50325945;31,59061278;0,844488156;0,655054645;0,723127036;1,096774194;4,857142857;31,71428571;41,29411765;959;50231;6,529411765
2/6/2020;118;6900;6886;14;10;38;3;130;577;1,710144928;1,862259878;11,57757497;29,88265971;0,815180785;0,632478632;0,766550523;0,710526316;3,857142857;31,42857143;50,11111111;888;47684;8,148148148
3/6/2020;124;8029;8022;7;17;37;1;119;545;1,544401544;1,784361586;11,05606258;28,69621904;0,828969631;0,626755358;0,837638376;0,648648649;3,428571429;32,42857143;52,125;848;47524;9,458333333
4/6/2020;144;7815;7812;3;9;25;8;109;495;1,842610365;1,783070626;10,6779661;26,98826597;0,816206131;0,654676259;0,920502092;0,794117647;3,857142857;31,42857143;43,81481481;819;45932;8,148148148
5/6/2020;180;9975;9975;0;8;46;0;103;446;1,804511278;1,760509275;10,45632334;25,88005215;0,820131063;0,677937447;0,957805907;0,71875;3,285714286;32,42857143;51,73913043;802;45555;9,869565217
6/6/2020;57;3736;3736;0;10;24;6;106;463;1,525695931;1,715579752;9,778357236;25,29335072;0,792908316;0,630252101;0,961702128;0,648648649;3,428571429;32,28571429;46,125;750;43717;9,416666667
7/6/2020;45;2076;2076;0;9;22;6;112;472;2,167630058;1,754509583;9,739243807;24,17209909;0,785767016;0,674796748;0,969432314;0,675;3,857142857;31,71428571;35,51851852;747;42576;8,222222222
8/6/2020;114;6144;6144;0;15;33;4;96;440;1,85546875;1,750419698;10,19556714;22,6988266;0,889391014;0,815432742;1,013513514;0,823529412;4;32,14285714;31,71428571;782;44675;8,035714286
9/6/2020;94;7608;7607;1;3;31;3;87;420;1,235541535;1,67022894;9,882659713;21,46023468;0,95174482;0,853603604;0,990909091;1,037037037;4;31,14285714;30,28571429;758;45383;7,785714286
10/6/2020;121;7239;7239;0;6;27;4;88;413;1,671501589;1,693090844;9,843546284;20,89960887;0,938325898;0,890330189;0,916299559;1,291666667;4,428571429;29,71428571;26,41935484;755;44593;6,709677419
11/6/2020;72;6474;6471;3;7;18;6;80;377;1,112140871;1,579117729;8,90482399;19,58279009;0,941652878;0,833943834;0,913636364;1,074074074;4,142857143;28,71428571;27,65517241;683;43252;6,931034483
12/6/2020;113;8698;8698;0;4;28;4;75;347;1,29914923;1,467540203;8,031290743;18,48761408;0,921413676;0,7680798;0,806167401;1,434782609;4,714285714;26,14285714;22,72727273;616;41975;5,545454545
13/6/2020;33;2699;2697;2;6;17;0;74;351;1,222675065;1,446089208;7,718383312;17,49674055;0,936432052;0,789333333;0,778761062;1,125;3,857142857;25,14285714;27,66666667;592;40938;6,518518519
14/6/2020;24;1501;1498;3;10;19;1;76;357;1,598934044;1,414661943;7,444589309;17,18383312;0,94802236;0,764390897;0,779279279;0,814814815;3,142857143;24,71428571;35,54545455;571;40363;7,863636364
15/6/2020;91;5616;5615;1;12;19;3;71;333;1,62037037;1,375674658;7,144719687;17,34028683;0,891662003;0,700767263;0,706666667;0,75;3;22,71428571;36,0952381;548;39835;7,571428571
16/6/2020;88;7216;7212;4;4;30;3;70;325;1,219512195;1,374134827;7,066492829;16,94915254;0,869113985;0,715039578;0,724770642;0,75;3;22,57142857;35,95238095;542;39443;7,523809524
17/6/2020;70;6129;6127;2;4;33;5;66;295;1,142111274;1,280880703;6,401564537;16,24511082;0,859619223;0,650331126;0,788461538;0,709677419;3,142857143;23,42857143;31,04545455;491;38333;7,454545455
18/6/2020;105;5818;5817;1;4;24;5;62;296;1,804743898;1,390768904;6,831812256;15,73663625;0,871104226;0,767203514;0,845771144;0,724137931;3;24,28571429;29,33333333;524;37677;8,095238095
19/6/2020;88;7013;7010;3;4;24;0;55;268;1,254812491;1,386419204;6,505867014;14,53715776;0,857462775;0,810064935;0,907103825;0,515151515;2,428571429;23,71428571;34,82352941;499;35992;9,764705882
20/6/2020;42;2567;2562;5;7;21;0;56;284;1,636151149;1,41662019;6,623207301;14,34159061;0,875958767;0,858108108;0,965909091;0,62962963;2,428571429;24,28571429;33,58823529;508;35860;10
21/6/2020;40;1491;1489;2;3;13;0;55;294;2,682763246;1,461645746;6,831812256;14,27640156;0,888189679;0,917688266;0,947976879;0,727272727;2,285714286;23,42857143;34,25;524;35850;10,25
22/6/2020;96;4451;4448;3;6;34;4;51;270;2,156818692;1,525154966;6,897001304;14,04172099;0,870716706;0,965328467;1,125786164;0,80952381;2,428571429;25,57142857;31,88235294;529;34685;10,52941176
23/6/2020;123;6944;6943;1;3;33;4;52;250;1,771313364;1,638915526;7,353324641;14,41981747;0,872474203;1,040590406;1,151898734;0,857142857;2,571428571;26;27,27777778;564;34413;10,11111111
24/6/2020;47;2040;2040;0;1;18;1;51;263;2,303921569;1,784065427;7,05345502;13,45501956;0,791067748;1,101832994;1,018292683;0,636363636;2;23,85714286;37,42857143;541;30324;11,92857143
25/6/2020;146;4282;4282;0;4;24;3;51;247;3,409621672;2,021675698;7,588005215;14,41981747;0,764073573;1,110687023;0,982352941;0,571428571;1,714285714;23,85714286;41,58333333;582;28788;13,91666667
26/6/2020;182;8060;8058;2;4;29;3;51;238;2,258064516;2,265795207;8,813559322;15,31942634;0,828934208;1,354709419;1,036144578;0,882352941;2,142857143;24,57142857;33,86666667;676;29835;11,46666667
27/6/2020;61;2683;2680;3;3;25;2;52;257;2,273574357;2,320456746;9,061277705;15,68448501;0,835220301;1,368110236;1,035294118;1;2,428571429;25,14285714;30,82352941;695;29951;10,35294118
28/6/2020;62;1687;1687;0;1;18;0;51;277;3,675163011;2,378346104;9,348109518;16,17992177;0,840920502;1,368320611;1,103658537;1,0625;2,428571429;25,85714286;31,11764706;717;30147;10,64705882
29/6/2020;185;5106;5106;0;2;37;1;48;250;3,623188406;2,6167132;10,50847458;17,40547588;0,888049589;1,52362949;1,027932961;0,823529412;2;26,28571429;40,28571429;806;30802;13,14285714
30/6/2020;176;6932;6931;1;7;24;2;44;255;2,538949798;2,78986684;11,19947849;18,55280313;0,894720019;1,523049645;0,961538462;0,666666667;1,714285714;25;45,08333333;859;30790;14,58333333
1/7/2020;249;6000;5992;8;6;31;4;43;245;4,15;3,05323741;13,83311604;20,88657106;1,145956998;1,961182994;1,125748503;1,071428571;2,142857143;26,85714286;38,8;1061;34750;12,53333333
2/7/2020;227;5531;5527;4;3;21;3;39;230;4,1041403;3,172310342;14,88917862;22,47718383;1,250486314;1,962199313;1,107784431;1,25;2,142857143;26,42857143;45,06666667;1142;35999;12,33333333
3/7/2020;266;7544;7544;0;5;31;0;39;213;3,525980912;3,455175718;15,98435463;24,79791395;1,18930786;1,813609467;1,087209302;0,8;1,714285714;26,71428571;57,91666667;1226;35483;15,58333333
4/7/2020;139;2346;2345;1;4;25;2;40;236;5,924978687;3,710237296;17,00130378;26,06258149;1,173449968;1,876258993;1,0625;0,705882353;1,714285714;26,71428571;59,75;1304;35146;15,58333333
5/7/2020;121;1691;1691;0;0;30;4;40;262;7,155529273;3,877667141;17,77053455;27,11864407;1,165953495;1,90097629;1,099447514;0,941176471;2,285714286;28,42857143;50,375;1363;35150;12,4375
6/7/2020;353;5145;5140;5;2;40;4;40;241;6,861030126;4,350791441;19,96088657;30,46936115;1,142425817;1,899503722;1,097826087;1,357142857;2,714285714;28,85714286;45,21052632;1531;35189;10,63157895
7/7/2020;428;7703;7701;2;6;48;4;37;234;5,556276775;4,958286986;23,2464146;34,44589309;1,16791166;2,075669383;1,291428571;1,75;3;32,28571429;50,52380952;1783;35960;10,76190476
8/7/2020;500;7096;7096;0;4;46;11;39;251;7,046223224;5,488989637;26,51890482;40,35202086;1,066359712;1,917059378;1,281914894;1,866666667;4;34,42857143;40,78571429;2034;37056;8,607142857
9/7/2020;525;7031;7031;0;2;32;7;40;254;7,466932158;6,048345264;30,4041721;45,29335072;1,071029751;2,042031524;1,362162162;2,133333333;4,571428571;36;38,3125;2332;38556;7,875
10/7/2020;590;9077;9072;5;2;57;5;41;260;6,499944916;6,625258799;34,62842243;50,61277705;1,129808641;2,16639478;1,486631016;3,083333333;5,285714286;39,71428571;35,24324324;2656;40089;7,513513514
11/7/2020;285;3475;3473;2;4;38;2;42;284;8,201438849;6,798000873;36,53194263;53,53324641;1,172765037;2,148773006;1,556149733;3,083333333;5,285714286;41,57142857;36,83783784;2802;41218;7,864864865
12/7/2020;234;2701;2701;0;4;28;5;44;302;8,663457979;6,903002747;38,00521512;55,77574967;1,201365576;2,13866471;1,452261307;2,375;5,428571429;41,28571429;40,28947368;2915;42228;7,605263158
13/7/2020;774;7055;7049;6;2;45;8;48;305;10,97094259;7,55811319;43,49413299;63,45501956;1,254312427;2,178967995;1,455445545;2,210526316;6;42;42,45238095;3336;44138;7
14/7/2020;768;9117;9116;1;3;64;2;46;320;8,423823626;8,069898138;47,92698827;71,17340287;1,266740823;2,061693775;1,371681416;1,904761905;5,714285714;44,28571429;50,85;3676;45552;7,75
15/7/2020;924;9837;9836;1;3;45;10;54;331;9,393107655;8,489843249;53,45501956;79,97392438;1,303243739;2,015732547;1,282157676;1,392857143;5,571428571;44,14285714;59,79487179;4100;48293;7,923076923
16/7/2020;1007;10267;10265;2;2;74;7;55;341;9,808123113;8,892080188;59,73924381;90,14341591;1,336471626;1,96483705;1,392857143;1,21875;5,571428571;50,14285714;68,1025641;4582;51529;9
17/7/2020;1002;12295;12293;2;3;69;10;56;345;8,149654331;9,121961021;65,11082138;99,73924381;1,365636459;1,880271084;1,305755396;1,189189189;6,285714286;51,85714286;63,68181818;4994;54747;8,25
18/7/2020;598;6205;6205;0;3;53;3;60;389;9,637389202;9,233258521;69,1916558;105,7235984;1,394463584;1,894004283;1,298969072;1,216216216;6,428571429;54;64,77777778;5307;57477;8,4
19/7/2020;375;3634;3631;3;4;53;9;69;420;10,31920748;9,327170005;71,02998696;109,0352021;1,383205456;1,868953688;1,394463668;1,289473684;7;57,57142857;68,08163265;5448;58410;8,224489796
20/7/2020;1244;9858;9856;2;10;76;9;62;391;12,61919253;9,667881006;77,1577575;120,6518905;1,386854864;1,773980815;1,476190476;1,19047619;7,142857143;62;73,52;5918;61213;8,68
21/7/2020;1187;13463;13463;0;9;66;12;65;420;8,816757038;9,66610229;82,62059974;130,547588;1,439212329;1,723884657;1,406451613;1,5;8,571428571;62,28571429;68,33333333;6337;65559;7,266666667
22/7/2020;1127;13499;13497;2;5;68;12;74;418;8,348766575;9,447999884;85,2672751;138,7222947;1,43335473;1,595121951;1,485436893;1,58974359;8,857142857;65,57142857;73,90322581;6540;69221;7,403225806
23/7/2020;1164;13981;13979;2;5;95;12;78;446;8,325584722;9,182148488;87,31421121;147,053455;1,415416562;1,461588826;1,367521368;1,717948718;9,571428571;68,57142857;74,53731343;6697;72935;7,164179104
24/7/2020;1108;15652;15652;0;6;85;9;84;452;7,078967544;8,917055524;88,69621904;153,8070404;1,393537545;1,362234682;1,366391185;1,5;9,428571429;70,85714286;80,40909091;6803;76292;7,515151515
25/7/2020;482;7044;7044;0;12;62;11;91;501;6,84270301;8,669665893;87,18383312;156,3754889;1,341945474;1,260033917;1,335978836;1,644444444;10,57142857;72,14285714;73,62162162;6687;77131;6,824324324
26/7/2020;357;4876;4876;0;10;66;9;90;533;7,321575062;8,509308053;86,94915254;157,9791395;1,341773669;1,224118943;1,285359801;1,510204082;10,57142857;74;79,97297297;6669;78373;7
27/7/2020;1247;10849;10845;4;11;85;12;97;519;11,49414693;8,406834333;86,98826597;164,1460235;1,296521981;1,127407908;1,214285714;1,54;11;75,28571429;82,2987013;6672;79364;6,844155844
28/7/2020;1195;14562;14559;3;10;85;17;98;529;8,206290345;8,30195245;87,09256845;169,7131682;1,227337208;1,054126558;1,252293578;1,366666667;11,71428571;78;79,75609756;6680;80463;6,658536585
29/7/2020;1163;15897;15897;0;8;90;8;93;537;7,315845757;8,105139933;87,5619296;172,8292047;1,197050028;1,026911315;1,237472767;1,258064516;11,14285714;81,14285714;85,85897436;6716;82861;7,282051282
30/7/2020;1112;13277;13277;0;15;81;15;92;527;8,375386006;8,111299098;86,88396349;174,1981747;1,126441352;0,99507242;1,154166667;1,208955224;11,57142857;79,14285714;83,98765432;6664;82157;6,839506173
31/7/2020;1156;15705;15704;1;10;105;16;98;535;7,360713149;8,164456879;87,50977836;176,2059974;1,077570387;0,986623548;1,157258065;1,333333333;12,57142857;82;75,98863636;6712;82210;6,522727273
1/8/2020;465;7254;7254;0;10;77;10;99;576;6,41025641;8,123028391;87,28813559;174,4719687;1,068571651;1,001196351;1,166336634;1,175675676;12,42857143;84,14285714;76,65517241;6695;82420;6,770114943
2/8/2020;336;3971;3971;0;7;69;11;106;623;8,461344749;8,187450163;87,01434159;173,9634941;1,040090337;1,000749738;1,142857143;1,202702703;12,71428571;84,57142857;74,96629213;6674;81515;6,651685393
3/8/2020;1138;11142;11140;2;8;83;28;108;640;10,21360617;8,024887542;85,59322034;172,5814863;1,030794819;0,98396283;1,119544592;1,363636364;15;84,28571429;63,61904762;6565;81808;5,619047619
4/8/2020;1068;15509;15509;0;12;75;15;113;613;6,88632407;7,779590357;83,93741851;171,029987;1,028485142;0,963772455;1,062271062;1,256097561;14,71428571;82,85714286;65,2038835;6438;82755;5,631067961
5/8/2020;1034;13643;13643;0;6;80;12;109;579;7,578978231;7,837169725;82,25554107;169,8174707;0,971518567;0,939398451;1,003521127;1,371794872;15,28571429;81,42857143;62,28037383;6309;80501;5,327102804
6/8/2020;1032;13909;13909;0;10;80;13;109;575;7,419656338;7,677517163;81,2125163;168,0964798;0,987536059;0,93472389;1,027075812;1,296296296;15;81,28571429;63,92380952;6229;81133;5,419047619
7/8/2020;1161;16064;16064;0;7;77;10;108;545;7,227340637;7,649830658;81,27770535;168,7874837;0,991266269;0,928784267;0,942508711;1,125;14,14285714;77,28571429;67,62626263;6234;81492;5,464646465
8/8/2020;521;9235;9235;0;4;63;9;110;572;5,641580942;7,535370719;82,00782269;169,2959583;1,012776025;0,939507095;0,894736842;1,126436782;14;75,28571429;68,10204082;6290;83473;5,37755102
9/8/2020;379;4267;4266;1;8;65;12;115;586;8,882118584;7,560075923;82,5684485;169,5827901;1,027651353;0,948906203;0,883445946;1,112359551;14,14285714;74,71428571;66,31313131;6333;83769;5,282828283
10/8/2020;1194;13254;13254;0;13;69;11;119;578;9,008601177;7,439363771;83,29856584;168,8917862;1,049787307;0,973191165;0,862711864;0,780952381;11,71428571;72,71428571;78,51219512;6389;85881;6,207317073
11/8/2020;1104;15473;15473;0;11;86;11;121;580;7,135009371;7,484419593;83,76792699;167,7053455;1,037339134;0,997980739;0,896551724;0,757281553;11,14285714;74,28571429;80,88461538;6425;85845;6,666666667
12/8/2020;1082;14608;14608;0;8;73;7;119;577;7,406900329;7,456514226;84,39374185;166,6492829;1,078371697;1,025994611;0,9;0,682242991;10,42857143;73,28571429;85,32876712;6473;86810;7,02739726
13/8/2020;1145;14311;14311;0;9;71;11;122;580;8,000838516;7,551713067;85,86701434;167,0795306;1,074926355;1,05731257;0,885764499;0,676190476;10,14285714;72;87,8028169;6586;87212;7,098591549
14/8/2020;1180;16196;16196;0;13;83;6;119;561;7,285749568;7,56205349;86,11473272;167,3924381;1,07181073;1,059512352;0,942698706;0,676767677;9,571428571;72,85714286;93,88059701;6605;87344;7,611940299
15/8/2020;507;6656;6656;0;8;76;8;122;601;7,6171875;7,775614935;85,93220339;167,9400261;1,015478059;1,047853736;0,992409867;0,673469388;9,428571429;74,71428571;95,95454545;6591;84765;7,924242424
16/8/2020;440;4614;4614;0;6;61;7;129;643;9,536194192;7,815584171;86,72750978;169,2959583;1,016032184;1,050371072;0,992351816;0,616161616;8,714285714;74,14285714;104,7377049;6652;85112;8,508196721
17/8/2020;1247;12547;12547;0;9;85;12;129;645;9,938630748;7,943842189;87,41851369;170,7170795;0,982813428;1,049460009;1,05108055;0,756097561;8,857142857;76,42857143;103,6290323;6705;84405;8,629032258
18/8/2020;1226;16915;16915;0;10;102;15;130;646;7,24800473;7,952520181;89,00912647;172,7770535;1,000023298;1,062568093;1,059615385;0,846153846;9,428571429;78,71428571;98,07575758;6827;85847;8,348484848
19/8/2020;1291;15177;15177;0;12;97;13;123;669;8,506292416;8,142010739;91,73402868;176,1277705;0,995461352;1,086976672;1,1208577;0,98630137;10,28571429;82,14285714;91,47222222;7036;86416;7,986111111
20/8/2020;1292;14188;14188;0;12;67;9;121;666;9,106287003;8,323966023;93,6505867;179,517601;0,989462459;1,090646827;1,132936508;0,985915493;10;81,57142857;94,35714286;7183;86293;8,157142857
21/8/2020;1385;19302;19302;0;5;85;20;131;626;7,175422236;8,264074542;96,32333768;182,4380704;1,023527661;1,118546556;1,123529412;1,253731343;12;81,85714286;78,46428571;7388;89399;6,821428571
22/8/2020;574;8480;8480;0;8;65;10;132;661;6,768867925;8,172281113;97,19687093;183,1290743;1,076187106;1,131087847;1,07456979;1,303030303;12,28571429;80,28571429;77,34883721;7455;91223;6,534883721
23/8/2020;466;4896;4895;1;12;49;9;132;673;9,517973856;8,175509535;97,53585398;184,2633638;1,075112793;1,124624173;1,05973025;1,442622951;12,57142857;78,57142857;76,19318182;7481;91505;6,25
24/8/2020;1498;17294;17294;0;16;85;14;136;668;8,661963687;8,033079832;100,8083442;188,2268579;1,140358983;1,153169277;1,028037383;1,451612903;12,85714286;78,57142857;75,85555556;7732;96252;6,111111111
25/8/2020;1327;20083;20083;0;7;85;7;136;670;6,607578549;7,878696439;102,125163;191,1342894;1,158106865;1,147356086;0,967332123;1,242424242;11,71428571;76,14285714;85,80487805;7833;99420;6,5
26/8/2020;1421;20624;20624;0;10;76;4;128;656;6,890031032;7,593427866;103,8200782;195,5541069;1,213513701;1,131750995;0,890434783;1,013888889;10,42857143;73,14285714;98,39726027;7963;104867;7,01369863
27/8/2020;1284;18571;18571;0;12;96;10;128;668;6,914005708;7,281464531;103,7157757;197,3663625;1,266035484;1,107475985;0,947460595;1,057142857;10,57142857;77,28571429;99,83783784;7955;109250;7,310810811
28/8/2020;1295;20895;20895;0;11;72;10;128;635;6,197654941;7,095621735;102,5423729;198,8657106;1,239868455;1,064564158;0,921465969;0,761904762;9,142857143;75,42857143;116,484375;7865;110843;8,25
29/8/2020;564;7095;7094;1;6;62;11;136;676;7,949260042;7,176268523;102,4119948;199,6088657;1,199894763;1,053655265;0,934163701;0,755813953;9,285714286;75;115,0923077;7855;109458;8,076923077
30/8/2020;503;4617;4616;1;11;51;10;140;703;10,89452025;7,228496323;102,8943937;200,4302477;1,193147915;1,054939179;0,958181818;0,75;9,428571429;75,28571429;117,1515152;7892;109179;7,984848485
31/8/2020;1319;15525;15525;0;8;83;10;128;702;8,495974235;7,180895634;100,5606258;201,36897;1,115924864;0,99754268;0,954545455;0,688888889;8,857142857;75;126,3387097;7713;107410;8,467741935
1/9/2020;1170;20202;20201;1;15;82;15;124;720;5,791505792;7,026941569;98,5136897;200,6388527;1,081563066;0,964636793;0,979362101;0,853658537;10;74,57142857;113,7571429;7556;107529;7,457142857
2/9/2020;1178;17737;17737;0;9;73;14;126;686;6,641483904;6,988589668;95,34550196;199,1655802;0,997854425;0,918372473;1,013671875;1,095890411;11,42857143;74,14285714;99,4375;7313;104642;6,4875
3/9/2020;1236;18772;18772;0;13;64;7;124;668;6,584274451;6,929408735;94,71968709;198,4354628;0,959661327;0,913262099;0,900184843;1,040540541;11;69,57142857;102,1428571;7265;104843;6,324675325
4/9/2020;1330;20954;20953;1;12;88;10;123;666;6,347236804;6,958875903;95,17601043;197,7183833;0,946401667;0,928162746;0,952651515;1,203125;11;71,85714286;102,012987;7300;104902;6,532467532
5/9/2020;548;7692;7692;0;10;75;13;124;701;7,124284971;6,904330847;94,96740548;197,3794003;0,963830876;0,927307447;0,982857143;1,215384615;11,28571429;73,71428571;99,89873418;7284;105499;6,53164557
6/9/2020;389;3937;3937;0;10;69;12;131;729;9,880619761;6,840362911;93,48109518;196,3754889;0,96006558;0,908514952;1,013282732;1,227272727;11,57142857;76,28571429;95,22222222;7170;104819;6,592592593
7/9/2020;1315;15155;15155;0;9;90;12;132;719;8,677004289;6,860764584;93,42894394;193,9895698;0,972432734;0,929080773;1,03047619;1,338709677;11,85714286;77,28571429;91,03614458;7166;104449;6,518072289
8/9/2020;1156;18746;18746;0;9;92;12;128;730;6,166648885;6,944161254;93,2464146;191,7601043;0,957816031;0,946532557;1,055555556;1,142857143;11,42857143;78,71428571;91,4125;7152;102993;6,8875
9/9/2020;1165;15736;15736;0;13;78;13;124;711;7,403406202;7,068876743;93,07692308;188,422425;0,965119168;0,976206755;1,071290944;0,9875;11,28571429;79,42857143;91,96202532;7139;100992;7,037974684
10/9/2020;1292;19030;19030;0;14;88;14;125;701;6,789280084;7,10617284;93,80704042;188,5267275;0,96572971;0,990364763;1,190965092;1,116883117;12,28571429;82,85714286;84,88372093;7195;101250;6,744186047
11/9/2020;531;7388;7388;0;7;71;11;133;732;7,187330807;7,294375257;83,38983051;178,5658409;0,835865856;0,876164384;1,119284294;1,12987013;12,42857143;80,42857143;83,72413793;6396;87684;6,471264368
12/9/2020;661;7125;7125;0;5;64;8;137;765;9,277192982;7,471561234;84,863103;179,8305085;0,825761382;0,893602416;1,069767442;1,037974684;11,71428571;78,85714286;87,43902439;6509;87117;6,731707317
13/9/2020;473;4254;4254;0;8;61;11;141;817;11,11894687;7,540544868;85,95827901;179,4393742;0,834142665;0,919525802;1,018726592;1;11,57142857;77,71428571;88,4691358;6593;87434;6,716049383
14/9/2020;1400;15882;15882;0;16;90;9;130;792;8,815010704;7,574777963;87,06649283;180,4954368;0,844057866;0,931900642;1,005545287;0,939759036;11,14285714;77,71428571;91,69230769;6678;88161;6,974358974
15/9/2020;1389;19929;19929;0;10;98;13;133;777;6,969742586;7,735270415;90,10430248;183,3507171;0,86747643;0,966303132;0,998185118;0,9875;11,28571429;78,57142857;90,36708861;6911;89344;6,962025316
16/9/2020;1380;17794;17794;0;14;92;13;134;762;7,755423176;7,796328308;92,90743155;185,9843546;0,905041984;0,998179017;1,014388489;1;11,28571429;80,57142857;91,07594937;7126;91402;7,139240506
17/9/2020;1306;19165;19164;1;12;84;10;132;766;6,814505609;7,80012454;93,08996089;186,8970013;0,904069136;0,992355803;0,965517241;0,872093023;10,71428571;80;85,28;7140;91537;7,466666667
18/9/2020;1351;22385;22385;0;8;109;13;126;724;6,03529149;7,471793043;103,7809648;187,1707953;1,214976507;1,24452783;1,062166963;0,885057471;11;85,42857143;84,53246753;7960;106534;7,766233766
19/9/2020;537;9831;9831;0;12;66;8;125;755;5,462313091;7,173196631;102,1642764;187,0273794;1,253945843;1,203871562;1,086956522;0,93902439;11;85,71428571;85,62337662;7836;109240;7,792207792
20/9/2020;497;6472;6472;0;7;75;16;134;794;7,679233622;7,051983707;102,4771838;188,4354628;1,274767253;1,192173517;1,128676471;1,012345679;11,71428571;87,71428571;81,43902439;7860;111458;7,487804878
21/9/2020;1522;20237;20237;0;15;76;4;135;808;7,5208776;6,892145096;104,0677966;191,1342894;1,31365343;1,195268044;1,102941176;0,987179487;11;85,71428571;89,75324675;7982;115813;7,792207792
22/9/2020;1229;24629;24629;0;4;89;27;145;776;4,990052377;6,490586078;101,9817471;192,0860495;1,348865061;1,13181884;1,074545455;1,151898734;13;84,42857143;78,30769231;7822;120513;6,494505495
23/9/2020;1263;24103;24103;0;9;92;13;138;780;5,240011617;6,075444324;100,4563233;193,3637549;1,387518873;1,081251754;1,04787234;1,151898734;13;84,42857143;78,46153846;7705;126822;6,494505495
24/9/2020;925;16238;16238;0;16;81;7;136;769;5,696514349;5,911457282;95,48891786;188,5788787;1,3534964;1,025770308;1,05;1,173333333;12,57142857;84;90,45454545;7324;123895;6,681818182
25/9/2020;1241;24082;24082;0;13;103;17;138;738;5,153226476;5,743996433;94,0547588;197,8357236;1,178891246;0,906281407;0,973244147;1,194805195;13,14285714;83,14285714;85,17391304;7214;125592;6,326086957
26/9/2020;561;8964;8964;0;5;79;10;137;779;6,258366801;5,803166967;94,36766623;196,5319426;1,141752105;0,923685554;0,991666667;1,220779221;13,42857143;85;83,61702128;7238;124725;6,329787234
27/9/2020;424;5780;5780;0;18;61;11;135;801;7,335640138;5,776688462;93,41590613;195,89309;1,112822767;0,911577608;0,946254072;1,085365854;12,71428571;83;89,68539326;7165;124033;6,528089888
28/9/2020;1574;22390;22390;0;10;96;12;139;800;7,029924073;5,71933495;94,09387223;198,1616688;1,089566802;0,904159359;1,001666667;1,25974026;13,85714286;85,85714286;80,63917526;7217;126186;6,195876289
29/9/2020;1478;27437;27437;0;19;102;18;145;798;5,386886321;5,787866102;97,34028683;199,3220339;1,070374151;0,954487343;1,03891709;0,967032967;12,57142857;87,71428571;87,55681818;7466;128994;6,977272727
30/9/2020;1441;26310;26310;0;18;116;20;149;798;5,477004941;5,826175105;99,66101695;200,1173403;1,03452871;0,992083063;1,079526227;1,043956044;13,57142857;91,14285714;77,09473684;7644;131201;6,715789474
1/10/2020;1560;23255;23255;0;12;119;21;157;785;6,708234788;5,989813194;107,9400261;203,4289439;1,115605957;1,130393228;1,149659864;1,238636364;15,57142857;96,57142857;66,18348624;8279;138218;6,201834862
2/10/2020;1807;28492;28492;0;11;138;21;157;767;6,342131125;6,201447121;115,3194263;209,3741851;1,135645583;1,226088162;1,221649485;1,22826087;16,14285714;101,5714286;64,05309735;8845;142628;6,292035398
3/10/2020;692;9717;9717;0;7;85;12;165;794;7,12153957;6,260243686;117,0273794;211,3950456;1,14957707;1,240121581;1,205042017;1,223404255;16,42857143;102,4285714;62,30434783;8976;143381;6,234782609
4/10/2020;592;6455;6455;0;15;78;13;166;839;9,171185128;6,347531516;119,2177314;212,6336375;1,161432844;1,276203768;1,263339071;1,314606742;16,71428571;104,8571429;61,68376068;9144;144056;6,273504274
5/10/2020;2149;23650;23650;0;12;102;21;175;849;9,086680761;6,688182994;126,714472;220,8083442;1,151601604;1,346681447;1,231281198;1,298969072;18;105,7142857;59,25396825;9719;145316;5,873015873
6/10/2020;2074;32247;32247;0;18;127;20;171;830;6,431606041;6,870895115;134,4850065;231,8252934;1,163821573;1,381596571;1,245928339;1,454545455;18,28571429;109,2857143;59,71875;10315;150126;5,9765625
7/10/2020;2198;27456;27456;0;9;140;17;158;843;8,005536131;7,319265958;144,3546284;244,0156454;1,152979017;1,448456306;1,236677116;1,315789474;17,85714286;112,7142857;66,232;11072;151272;6,312
8/10/2020;2518;26931;26931;0;14;144;23;162;869;9,34981991;7,763894984;156,8448501;264,7848761;1,121040675;1,453074043;1,204142012;1,165137615;18,14285714;116,2857143;69,64566929;12030;154948;6,409448819
9/10/2020;2907;30339;30339;0;21;168;16;159;851;9,581726491;8,373991518;171,1864407;286,505867;1,099328323;1,484454494;1,187060478;1,079646018;17,42857143;120,5714286;73,57377049;13130;156795;6,918032787
10/10/2020;1211;11170;11170;0;20;112;21;158;903;10,84153984;8,625069511;177,9530639;294,9804433;1,103688773;1,520610517;1,214783821;1,139130435;18,71428571;124,4285714;69,80152672;13649;158248;6,648854962
11/10/2020;1156;8332;8332;0;21;113;22;170;969;13,87421988;8,876190476;185,3063885;304,5241199;1,111546898;1,554352581;1,234332425;1,196581197;20;129,4285714;69,42142857;14213;160125;6,471428571
12/10/2020;1328;7231;7231;0;18;116;18;172;1002;18,36537132;9,319026345;174,6023468;301,3168188;0,988920697;1,377919539;1,243243243;1,087301587;19,57142857;131,4285714;75,2919708;13392;143706;6,715328467
13/10/2020;3702;29770;29770;0;15;205;26;191;1026;12,43533759;10,63520948;195,8279009;330,3129074;0,940736448;1,456131847;1,304575163;1,1171875;20,42857143;142,5714286;77,42657343;15020;141229;6,979020979
14/10/2020;3770;35312;35312;0;13;207;30;186;1072;10,67625736;11,12922159;216,3233377;360,6779661;0,985542599;1,498554913;1,349809886;1,248;22,28571429;152,1428571;77,11538462;16592;149085;6,826923077
15/10/2020;3700;38136;38136;0;22;228;18;192;1124;9,702118733;11,08865182;231,7340287;388,5788787;1,034476082;1,477472984;1,411547912;1,188976378;21,57142857;164,1428571;86,95364238;17774;160290;7,609271523
16/10/2020;4113;39484;39484;0;26;230;31;206;1122;10,41687772;11,20193585;247,4576271;418,6440678;1,080614816;1,445544554;1,434834123;1,360655738;23,71428571;173;82,22289157;18980;169435;7,295180723
17/10/2020;1901;17473;17346;127;29;184;21;211;1231;10,87964288;11,19279837;256,4537158;434,4067797;1,110522724;1,441131218;1,473019518;1,267175573;23,71428571;183,2857143;85,62048193;19670;175738;7,728915663
18/10/2020;1668;11074;10926;148;24;170;19;214;1331;15,06230811;11,30770955;263,1290743;448,4354628;1,114629196;1,419967635;1,479028698;1,164285714;23,28571429;191,4285714;82,1595092;20182;178480;8,220858896
19/10/2020;5612;36453;36148;305;35;272;45;238;1433;15,39516638;11,77937622;318,9830508;493,5853977;1,445325874;1,826911589;1,626086957;1,386861314;27,14285714;213,7142857;79,05263158;24466;207702;7,873684211
20/10/2020;5734;44562;43420;1142;25;255;40;249;1471;12,86746555;11,90953464;345,4758801;541,303781;1,575412982;1,764181092;1,549098196;1,426573427;29,14285714;220,8571429;81,33333333;26498;222494;7,578431373
21/10/2020;5997;48575;46204;2371;27;305;43;286;1672;12,34585692;12,18415572;374,5110821;590,8344198;1,581359627;1,731256027;1,543661972;1,391025641;31;234,8571429;81,9078341;28725;235757;7,576036866
22/10/2020;5866;46306;42861;3445;36;285;38;300;1742;12,66790481;12,66403473;402,7509778;634,4850065;1,521785514;1,737988072;1,480417755;1,569536424;33,85714286;243;80,08438819;30891;243927;7,17721519
23/10/2020;5708;47977;44097;3880;44;302;46;331;1780;11,89736749;12,86982014;423,5462842;671,0039113;1,48977484;1,711591149;1,464079273;1,518072289;36;253,2857143;78,05555556;32486;252420;7,035714286
24/10/2020;2531;19156;17726;1430;33;250;33;348;1944;13,21257047;13,03251044;431,7601043;688,2138201;1,445919494;1,683579054;1,433359314;1,590361446;37,71428571;262,7142857;76,4469697;33116;254103;6,965909091
25/10/2020;1984;12232;10936;1296;29;240;30;356;2079;16,21975147;13,09718288;435,8800522;699,0091265;1,430193859;1,656525617;1,424626866;1,687116564;39,28571429;272,7142857;88,96727273;33432;255261;6,941818182
26/10/2020;6456;43669;37356;6313;55;338;56;375;2201;14,78394284;13,058668;446,8839635;765,8670143;1,263719175;1,400964604;1,320187166;1,505263158;40,85714286;282,1428571;92,65034965;34276;262477;6,905594406
27/10/2020;5811;52026;45920;6106;44;380;60;410;2288;11,16941529;12,72611422;447,8878748;793,3637549;1,213250694;1,296437467;1,358344114;1,5;43,71428571;300;93,87254902;34353;269941;6,862745098
28/10/2020;5387;50120;42728;7392;52;339;50;434;2386;10,74820431;12,42900186;439,934811;814,4458931;1,151550113;1,174691036;1,298053528;1,442396313;44,71428571;304,8571429;98,69329073;33743;271486;6,817891374
29/10/2020;4635;49350;41425;7925;46;349;105;447;2455;9,392097264;11,84278585;423,8852673;826,6362451;1,125459666;1,052474831;1,29218107;1,603375527;54,28571429;314;85,48947368;32512;274530;5,784210526
30/10/2020;4945;52593;43432;9161;74;349;63;460;2405;9,402391953;11,37361811;413,9374185;837,4837027;1,10587909;0,977313304;1,266215454;1,575396825;56,71428571;320,7142857;83,41561713;31749;279146;5,654911839
31/10/2020;2369;22163;19386;2777;65;271;36;465;2545;10,68898615;11,19498995;411,8252934;843,5853977;1,110388307;0,953828965;1,232191408;1,515151515;57,14285714;323,7142857;83,58;31587;282153;5,665
1/11/2020;1613;11192;9485;1707;51;214;30;479;2710;14,41208006;11,10443131;406,988266;842,8683181;1,101276732;0,9337162;1,173389209;1,454545455;57,14285714;320;85,69;31216;281113;5,6
2/11/2020;5865;43197;30938;12259;68;357;63;490;2671;13,57733176;10,91251813;399,2829205;846,166884;1,069202254;0,89348232;1,143797468;1,423076923;58,14285714;322,7142857;84,40540541;30625;280641;5,55036855
3/11/2020;5073;50748;38671;12077;75;365;39;482;2720;9,996453062;10,69826713;389,6610169;837,5488918;1,034903923;0,869996798;1,068571429;1,261437908;55,14285714;320,5714286;87,41709845;29887;279363;5,813471503
4/11/2020;4217;49343;37900;11443;76;362;57;480;2779;8,54629836;10,30812747;374,4067797;814,3415906;1,026152361;0,851050588;1,062324274;1,255591054;56,14285714;323,8571429;82,72773537;28717;278586;5,768447837
5/11/2020;3966;45947;34494;11453;86;285;43;472;2716;8,631684332;10,19249009;365,684485;789,5697523;1,002378611;0,86269685;1,002274795;0,871052632;47,28571429;314,7142857;95,918429;28048;275183;6,655589124
6/11/2020;3699;47150;35449;11701;64;316;49;486;2614;7,845174973;9,936234893;349,4393742;763,3767927;0,966304371;0,844184069;0,966592428;0,798488665;45,28571429;310;99,64353312;26802;269740;6,845425868
7/11/2020;1630;16855;13628;3227;60;249;59;499;2699;9,670720854;9,856220125;339,8044329;751,6297262;0,93719365;0,825117928;0,947925861;0,85;48,57142857;306,8571429;91,81176471;26063;264432;6,317647059
8/11/2020;928;7833;5526;2307;65;194;32;510;2811;11,84731265;9,720652844;330,8735332;737,8617992;0,928711941;0,812980523;0,95;0,855;48,85714286;304;89,54678363;25378;261073;6,222222222
9/11/2020;3956;40075;27572;12503;74;259;47;517;2727;9,871490954;9,098239588;305,9843546;705,2672751;0,919149376;0,766334694;0,898627711;0,800982801;46,57142857;290;91,67791411;23469;257951;6,226993865
10/11/2020;3371;43794;32232;11562;69;310;66;523;2661;7,697401471;8,672215206;283,7940026;673,4550196;0,898461858;0,728309968;0,880124777;0,914507772;50,42857143;282,1428571;81,35127479;21767;250997;5,59490085
11/11/2020;2806;38921;28757;10164;67;299;44;499;2679;7,209475604;8,461394575;265,3976532;639,8044329;0,863557393;0,708848417;0,843405382;0,865139949;48,57142857;273,1428571;82,49411765;20356;240575;5,623529412
12/11/2020;2538;34220;24616;9604;72;256;49;504;2633;7,416715371;8,2709921;246,779661;612,464146;0,831621139;0,674843126;0,854743532;1,045317221;49,42857143;269;77,46242775;18928;228848;5,442196532
13/11/2020;2397;36944;27383;9561;58;290;42;501;2458;6,488198354;8,061580117;229,8044329;579,243807;0,81056573;0,65763749;0,855760369;1,069400631;48,42857143;265,2857143;76,8820059;17626;218642;5,477876106
14/11/2020;1027;12726;9950;2776;58;187;31;511;2524;8,070092724;7,935649588;221,9426336;561,7470665;0,811221789;0,653148141;0,83566108;0,914705882;44,42857143;256,4285714;81,60128617;17023;214513;5,77170418
15/11/2020;619;6633;4554;2079;52;143;31;517;2553;9,332127243;7,835434315;217,9139505;548,7874837;0,817062661;0,658601939;0,819548872;0,906432749;44,28571429;249,1428571;75,70645161;16714;213313;5,625806452
16/11/2020;2717;35138;24020;11118;70;238;32;512;2501;7,732369514;7,426479057;201,7601043;507,7444589;0,807812336;0,659380459;0,848768473;0,904907975;42,14285714;246,1428571;73,78644068;15475;208376;5,840677966
17/11/2020;2356;37478;28302;9176;63;212;36;501;2402;6,286354661;7,156290211;188,5267275;472,3207301;0,805029542;0,664308357;0,82278481;0,750708215;37,85714286;232,1428571;76,81509434;14460;202060;6,132075472
18/11/2020;1944;32089;23746;8343;59;193;27;491;2300;6,058150768;6,96518942;177,2881356;442,6857888;0,811505767;0,668009432;0,794456067;0,729411765;35,42857143;217;76,32258065;13598;195228;6,125
19/11/2020;1637;30831;22689;8142;57;196;31;484;2216;5,309590996;6,618570781;165,5410691;412,3207301;0,838281305;0,670805156;0,774827403;0,664739884;32,85714286;208,4285714;76,63478261;12697;191839;6,343478261
20/11/2020;1582;30834;22887;7947;50;194;21;467;2047;5,130699877;6,397493122;154,9152542;384,7196871;0,849466251;0,674117781;0,733979537;0,616519174;29,85714286;194,7142857;81,44976077;11882;185729;6,5215311
21/11/2020;652;10105;7978;2127;51;140;29;470;2102;6,452251361;6,284269393;150,0260756;371,9687093;0,853598616;0,675967808;0,733147632;0,665594855;29,57142857;188;80,74396135;11507;183108;6,357487923
22/11/2020;446;5393;3568;1825;42;122;21;469;2132;8,269979603;6,231992434;147,7705346;365,684485;0,852587512;0,678114156;0,742545872;0,635483871;28,14285714;185;78,55329949;11334;181868;6,573604061
23/11/2020;1777;32548;20971;11577;46;175;24;448;2010;5,459628856;5,797699662;135,5149935;337,2750978;0,860358199;0,671663974;0,715031921;0,640677966;27;176;76,50793651;10394;179278;6,518518519
24/11/2020;1628;37344;25860;11484;25;185;42;430;1945;4,359468723;5,395659358;126,0234681;314,5501956;0,886588142;0,66846473;0,741538462;0,735849057;27,85714286;172,1428571;69,73333333;9666;179144;6,179487179
25/11/2020;1431;36034;24169;11865;58;169;31;411;1830;3,971249376;4,999208035;119,3350717;296,6232073;0,937821419;0,673113693;0,777485188;0,802419355;28,42857143;168,7142857;63,8040201;9153;183089;5,934673367
26/11/2020;1434;33758;23400;10358;56;157;34;406;1748;4,247881984;4,811414072;116,6883963;282,2294654;0,969646422;0,704890919;0,782727896;0,87826087;28,85714286;163,1428571;58,82178218;8950;186016;5,653465347
27/11/2020;1471;34134;23016;11118;43;141;20;395;1653;4,309486143;4,668913351;115,2411995;270,1564537;1,019313085;0,743898334;0,798972854;0,961722488;28,71428571;155,5714286;57,24875622;8839;189316;5,417910448
28/11/2020;659;14784;10606;4178;54;124;10;394;1711;4,457521645;4,559911338;115,3324641;265,3585398;1,059456714;0,768749457;0,815349544;0,879227053;26;153,2857143;62,27472527;8846;193995;5,895604396
29/11/2020;461;6094;4037;2057;49;99;17;391;1759;7,564817854;4,551197765;115,5280313;263,2985658;1,070534673;0,781806953;0,810810811;0,903553299;25,42857143;150;58,39325843;8861;194696;5,898876404
30/11/2020;1671;32924;19453;13471;47;145;23;381;1718;5,075324991;4,48808645;114,1460235;249,6610169;1,088097815;0,842312873;0,827922078;0,936507937;25,28571429;145,7142857;54,61016949;8755;195072;5,762711864
1/12/2020;1507;41531;23564;17967;52;153;22;379;1648;3,62861477;4,333053965;112,5684485;238,5919166;1,112283973;0,893234016;0,819917012;0,805128205;22,42857143;141,1428571;58,29936306;8634;199259;6,292993631
2/12/2020;1372;44549;24493;20056;45;150;24;371;1573;3,079754877;4,127080385;111,7992177;231,1342894;1,13482514;0,936851306;0,820491109;0,753768844;21,42857143;138,4285714;59,66666667;8575;207774;6,46
3/12/2020;1300;44397;21851;22546;63;162;27;363;1525;2,928125774;3,864696698;110,0521512;226,7405476;1,174162438;0,943128492;0,852889667;0,707920792;20,42857143;139,1428571;61,81118881;8441;218413;6,811188811
4/12/2020;1213;41652;21318;20334;44;164;26;355;1481;2,912225103;3,621902262;106,6883963;221,9295958;1,193406791;0,92578346;0,915518825;0,741293532;21,28571429;142,4285714;59,36912752;8183;225931;6,691275168
5/12/2020;501;17314;8920;8394;33;145;14;344;1527;2,893612106;3,512634542;104,6284224;219,9608866;1,177664373;0,90718969;0,948741845;0,840659341;21,85714286;145,4285714;57,91503268;8025;228461;6,653594771
6/12/2020;367;6259;3302;2957;37;93;12;347;1589;5,863556479;3,46898428;103,4028683;218,9308996;1,174271685;0,895045706;0,963809524;0,831460674;21,14285714;144,5714286;59,15540541;7931;228626;6,837837838
7/12/2020;1582;30844;17084;13760;34;129;20;326;1568;5,129036441;3,461548648;102,2425033;216,3885267;1,161345554;0,895716733;0,976470588;0,81920904;20,71428571;142,2857143;59,54482759;7842;226546;6,868965517
8/12/2020;495;7429;5204;2225;36;118;12;323;1595;6,66307713;3,549084409;89,0482399;201,6166884;0,965798283;0,791058606;0,972672065;0,859872611;19,28571429;137,2857143;63,51851852;6830;192444;7,118518519
9/12/2020;2035;42530;22323;20207;44;158;30;312;1497;4,784857747;3,9348825;97,69230769;209,4915254;0,916500621;0,873819242;1;0,94;20,14285714;138,4285714;59,86524823;7493;190425;6,872340426
10/12/2020;1831;46318;25557;20761;50;136;20;295;1433;3,953106784;4,171649008;104,6153846;214,6675359;0,880652708;0,95059827;0,968172485;0,937062937;19,14285714;134,7142857;61,06716418;8024;192346;7,037313433
11/12/2020;1879;46229;24901;21328;33;179;23;295;1402;4,064548227;4,412892349;113,2985658;219,9869622;0,871606818;1,061957717;0,960882648;0,879194631;18,71428571;136,8571429;61,25954198;8690;196923;7,312977099
12/12/2020;864;19933;11524;8409;36;131;22;294;1451;4,334520644;4,536889477;118,0312907;222,6597132;0,87341822;1,128099688;0,927308448;0,908496732;19,85714286;134,8571429;57,05755396;9053;199542;6,791366906
13/12/2020;701;7399;4286;3113;36;96;15;298;1539;9,474253277;4,677549556;122,3859192;225,7887875;0,877774181;1,183583407;0,935770751;0,959459459;20,28571429;135,2857143;55,22535211;9387;200682;6,669014085
14/12/2020;2553;40923;22118;18805;26;171;25;292;1513;6,238545561;4,914571481;137,010582;237,2881356;0,930323201;1,320836521;0,992971888;1,013793103;21;141,2857143;46,46258503;10358;210761;6,727891156
15/12/2020;2316;49414;29752;19662;34;175;33;296;1491;4,686930829;4,81867171;161,0978836;247,8357236;1,313348299;1,783162518;1,088449532;1,244444444;24;149,4285714;44,60119048;12179;252746;6,226190476
16/12/2020;2179;47132;26610;20522;30;179;21;292;1532;4,623185946;4,788457653;163,0026455;262,1164021;1,3514402;1,644601628;1,101135191;1,127659574;22,71428571;152,4285714;50,46540881;12323;257348;6,710691824
17/12/2020;2106;47754;25944;21810;29;193;30;295;1541;4,410101772;4,868152591;166,6402116;272,7777778;1,345408795;1,57003988;1,191940615;1,26119403;24,14285714;160,5714286;51,42011834;12598;258784;6,650887574
18/12/2020;2264;49102;25568;23534;38;182;24;283;1522;4,61081015;4,961839355;171,7328042;286,6798942;1,328727472;1,49401611;1,176409186;1,297709924;24,28571429;161;53,25294118;12983;261657;6,629411765
19/12/2020;1107;17970;11513;6457;36;145;22;284;1574;6,160267112;5,092917049;174,9470899;294,6957672;1,301450321;1,460952171;1,208686441;1,223021583;24,28571429;163;55,21764706;13226;259694;6,711764706
20/12/2020;830;11276;7534;3742;39;144;22;293;1639;7,360766229;5,066945908;176,6534392;300,8201058;1,313376387;1,422712262;1,255543823;1,246478873;25,28571429;169,8571429;58,51977401;13355;263571;6,717514124
21/12/2020;2967;48123;24352;23771;34;176;23;282;1627;6,165451032;5,085108819;182,1296296;319,1402116;1,284730097;1,329310678;1,207280081;1,19047619;25;170,5714286;69,59428571;13769;270771;6,822857143
22/12/2020;2770;57745;31378;26367;42;208;30;287;1634;4,796952117;5,095986414;188,1349206;349,2328042;1,104278604;1,167829871;1,173040153;1,023809524;24,57142857;175,2857143;71,64534884;14223;279102;7,13372093
23/12/2020;2719;56443;30705;25738;48;197;32;287;1572;4,81724926;5,118701307;195,2777778;358,2804233;1,120712032;1,198003733;1,166822868;1,150943396;26,14285714;177,8571429;68,84153005;14763;288413;6,803278689
24/12/2020;2324;47072;23883;23189;33;186;25;281;1539;4,937117607;5,206599219;198,1613757;364,8015873;1,111857766;1,189157009;1,101423488;1,053254438;25,42857143;176,8571429;72,93820225;14981;287731;6,95505618
25/12/2020;866;9035;5391;3644;35;154;25;292;1615;9,584947427;5,48444667;179,6693122;351,4021164;0,946521591;1,04621428;1,07364685;1,052941176;25,57142857;172,8571429;73,88826816;13583;247664;6,759776536
26/12/2020;1087;11051;6701;4350;36;155;28;303;1673;9,836213917;5,633761864;179,4047619;354,3518519;0,927033355;1,025480115;1,069237511;1,088235294;26,42857143;174,2857143;72,18918919;13563;240745;6,594594595
27/12/2020;1108;9095;4977;4118;42;164;34;321;1757;12,18251787;5,801797421;183,0820106;359,7354497;0,905122339;1,036390865;1,042893188;1,11299435;28,14285714;177,1428571;69,89340102;13841;238564;6,294416244
28/12/2020;3951;41697;21768;19929;44;248;39;335;1803;9,475501835;6,386287467;196,0978836;378,2275132;0,857322239;1,076694023;1,098827471;1,217142857;30,42857143;187,4285714;66,77464789;14825;232138;6,159624413
29/12/2020;3907;45969;26381;19588;43;238;28;335;1820;8,499205987;7,243535637;211,1375661;399,2724868;0,789539308;1,122266751;1,093724531;1,226744186;30,14285714;191,7142857;69,96682464;15962;220362;6,360189573
30/12/2020;3680;47152;27507;19645;46;213;25;328;1805;7,804546997;8,017681254;223,8492063;419,1269841;0,731835944;1,146311725;1,090763052;1,114754098;29,14285714;194;73,43627451;16923;211071;6,656862745
31/12/2020;3310;39501;22419;17082;47;216;43;340;1772;8,379534695;8,8004914;236,8915344;435,0529101;0,707257821;1,195447567;1,121163166;1,247191011;31,71428571;198,2857143;61,18468468;17909;203500;6,252252252
1/1/2021;1041;9205;5744;3461;5;178;18;335;1879;11,30907116;8,879069082;239,2063492;418,8756614;0,822364171;1,331370095;1,166942149;1,201117318;30,71428571;201,7142857;63,08372093;18084;203670;6,56744186
2/1/2021;1589;15135;9200;5935;11;187;28;340;1986;10,49884374;8,946157475;245,8465608;425,2513228;0,862962886;1,370345794;1,183606557;1,162162162;30,71428571;206,2857143;64,37674419;18586;207754;6,71627907
3/1/2021;1344;9560;5140;4420;25;183;42;351;2123;14,05857741;9,039520889;248,968254;432,0502646;0,872801429;1,359872842;1,17983871;1,131979695;31,85714286;209;66,47982063;18822;208219;6,560538117
4/1/2021;4561;43971;22721;21250;68;218;53;378;2102;10,37274567;9,23166091;257,037037;453,1349206;0,906758049;1,310758853;1,09222561;1,112676056;33,85714286;204,7142857;67,35021097;19432;210493;6,046413502
5/1/2021;4433;49468;30202;19266;95;229;35;366;2060;8,961348751;9,326516879;263,994709;475,1322751;0,97109302;1,250344568;1,061102832;1,156398104;34,85714286;203,4285714;69,35655738;19958;213992;5,836065574
6/1/2021;1215;12222;8372;3850;57;167;41;385;2167;9,941089838;9,769241939;231,3888889;455,2380952;0,848349607;1,033681971;1,014727541;1,274509804;37,14285714;196,8571429;68,88076923;17493;179062;5,3
7/1/2021;4033;42260;22803;19457;47;210;45;400;2247;9,54330336;10,01864471;240,952381;477,8439153;0,893469287;1,017142219;0,988472622;1,18018018;37,42857143;196;69,02290076;18216;181821;5,236641221
8/1/2021;2530;25237;9999;15238;7;54;13;411;2356;10,02496335;9,959414313;260,6481481;499,8544974;0,971439093;1,089637248;0,883852691;1,195348837;36,71428571;178,2857143;72,31906615;19705;197853;4,856031128
9/1/2021;994;4547;1442;3105;14;0;0;411;2356;21,86056741;10,20479;252,7777778;498,6243386;0,901378553;1,028193264;0,734764543;1,065116279;32,71428571;151,5714286;82,19213974;19110;187265;4,633187773
